순번,일자,고객명,산업군,지역,제품명,분야,불만
1,2026-01-01,한솔증권,금융,대전,핀테크 결제 플랫폼,사용성,앱 화면 구성이 복잡해서 사용하기 불편합니다
2,2026-01-01,코리아은행,금융,광주,핀테크 결제 플랫폼,성능,리스크 분석 리포트 생성 시간이 너무 오래 걸립니다
3,2026-01-02,미래오토텍,제조,대전,산업용 로봇 RB-20,가격,유지보수 비용이 계약 대비 과도하게 청구되었습니다
4,2026-01-03,대성기계,제조,울산,MES 솔루션,가격,유지보수 비용이 계약 대비 과도하게 청구되었습니다
5,2026-01-04,코리아은행,금융,대전,모바일뱅킹 앱,사용성,앱 화면 구성이 복잡해서 사용하기 불편합니다
6,2026-01-04,한국에너지솔루션,에너지,울산,태양광 인버터,기술지원,에너지관리 시스템 설정 오류에 대한 현장 지원이 부족합니다
7,2026-01-07,태광산업,제조,부산,산업용 로봇 RB-20,납기,약속한 납기일을 지키지 않아 고객사 납품이 늦어졌습니다
8,2026-01-07,리빙플러스,유통,서울,POS 단말기,성능,POS 단말기 결제 속도가 느려 고객 대기가 길어집니다
9,2026-01-07,에코배터리,에너지,광주,에너지관리 시스템,안전,배터리 과열 경고가 빈번하게 발생해 안전 점검이 필요합니다
10,2026-01-07,솔라원,에너지,부산,에너지관리 시스템,품질,배터리 모듈 수명이 보증 기간보다 짧아 교체 요구가 늘었습니다
11,2026-01-11,태광산업,제조,울산,산업용 로봇 RB-20,납기,부품 납기가 계속 지연되어 생산 일정에 차질이 생겼습니다
12,2026-01-12,오케이마트,유통,서울,물류 자동화 설비,배송,설비 배송 중 파손이 발생했으나 보상 절차가 불명확합니다
13,2026-01-13,대성기계,제조,경기,산업용 로봇 RB-20,품질,초기 불량 제품이 반복적으로 입고되어 품질 문제가 심각합니다
14,2026-01-14,오케이마트,유통,경기,재고관리 시스템,성능,재고관리 시스템 동기화가 느려서 실재고와 차이가 발생합니다
15,2026-01-15,한솔증권,금융,인천,핀테크 결제 플랫폼,보안,인증 절차가 복잡하고 보안 오류 메시지가 자주 발생합니다
16,2026-01-19,넥스트클라우드,IT서비스,서울,협업 솔루션,기술지원,기술지원 티켓 응답이 24시간 넘게 걸립니다
17,2026-01-21,그린파워,에너지,대전,에너지관리 시스템,기술지원,에너지관리 시스템 설정 오류에 대한 현장 지원이 부족합니다
18,2026-01-22,한빛정밀,제조,대전,스마트센서 SX-100,납기,약속한 납기일을 지키지 않아 고객사 납품이 늦어졌습니다
19,2026-01-23,태광산업,제조,부산,MES 솔루션,납기,부품 납기가 계속 지연되어 생산 일정에 차질이 생겼습니다
20,2026-01-23,한솔증권,금융,대전,핀테크 결제 플랫폼,사용성,메뉴 구조가 자주 바뀌어 직원 교육 부담이 큽니다
21,2026-01-23,누리캐피탈,금융,광주,모바일뱅킹 앱,성능,거래량이 몰리는 시간대에 앱 응답속도가 매우 느립니다
22,2026-01-29,넥스트클라우드,IT서비스,대구,데이터 분석 플랫폼,기술지원,문서와 API 가이드가 오래되어 연동 개발이 어렵습니다
23,2026-01-29,아이소프트,IT서비스,광주,데이터 분석 플랫폼,기술지원,문서와 API 가이드가 오래되어 연동 개발이 어렵습니다
24,2026-01-31,누리캐피탈,금융,인천,리스크 분석 시스템,보안,결제 플랫폼 보안 취약점 대응이 늦어 불안합니다
25,2026-02-01,미래오토텍,제조,인천,스마트센서 SX-100,품질,초기 불량 제품이 반복적으로 입고되어 품질 문제가 심각합니다
26,2026-02-01,스마트페이,금융,광주,리스크 분석 시스템,사용성,메뉴 구조가 자주 바뀌어 직원 교육 부담이 큽니다
27,2026-02-04,전국물류,유통,경기,POS 단말기,성능,재고관리 시스템 동기화가 느려서 실재고와 차이가 발생합니다
28,2026-02-04,코리아은행,금융,울산,핀테크 결제 플랫폼,성능,거래량이 몰리는 시간대에 앱 응답속도가 매우 느립니다
29,2026-02-04,한빛정밀,제조,경기,MES 솔루션,품질,로봇 정밀도가 사양보다 떨어져 불량률이 증가했습니다
30,2026-02-05,오케이마트,유통,광주,POS 단말기,서비스,콜센터 상담원이 문제를 이해하지 못하고 같은 질문을 반복합니다
31,2026-02-06,솔라원,에너지,울산,배터리 모듈,품질,인버터 발열 문제로 가동이 중단되는 경우가 있습니다
32,2026-02-08,그린파워,에너지,부산,태양광 인버터,안전,안전 인증 서류가 늦게 제공되어 설치가 지연되었습니다
33,2026-02-08,대성기계,제조,인천,MES 솔루션,납기,부품 납기가 계속 지연되어 생산 일정에 차질이 생겼습니다
34,2026-02-09,데이터웍스,IT서비스,대전,데이터 분석 플랫폼,보안,접근 권한 관리 기능이 부족하여 보안 감사에 어려움이 있습니다
35,2026-02-09,태광산업,제조,광주,산업용 로봇 RB-20,가격,유지보수 비용이 계약 대비 과도하게 청구되었습니다
36,2026-02-11,아이소프트,IT서비스,인천,데이터 분석 플랫폼,보안,접근 권한 관리 기능이 부족하여 보안 감사에 어려움이 있습니다
37,2026-02-11,미래오토텍,제조,울산,스마트센서 SX-100,기술지원,장애 발생 시 기술지원 엔지니어 방문이 너무 늦습니다
38,2026-02-12,새벽마켓,유통,서울,물류 자동화 설비,성능,POS 단말기 결제 속도가 느려 고객 대기가 길어집니다
39,2026-02-13,새벽마켓,유통,경기,물류 자동화 설비,가격,추가 기능 비용이 불투명하게 청구됩니다
40,2026-02-13,코리아은행,금융,울산,리스크 분석 시스템,사용성,앱 화면 구성이 복잡해서 사용하기 불편합니다
41,2026-02-13,누리캐피탈,금융,울산,핀테크 결제 플랫폼,성능,리스크 분석 리포트 생성 시간이 너무 오래 걸립니다
42,2026-02-13,넥스트클라우드,IT서비스,서울,클라우드 인프라,보안,접근 권한 관리 기능이 부족하여 보안 감사에 어려움이 있습니다
43,2026-02-13,그린파워,에너지,서울,배터리 모듈,기술지원,에너지관리 시스템 설정 오류에 대한 현장 지원이 부족합니다
44,2026-02-13,솔라원,에너지,경기,에너지관리 시스템,납기,모듈 공급 납기가 불안정하여 프로젝트 일정이 흔들립니다
45,2026-02-14,미래오토텍,제조,인천,스마트센서 SX-100,품질,센서 오작동으로 라인이 자주 멈춰서 생산 손실이 큽니다
46,2026-02-15,전국물류,유통,부산,재고관리 시스템,서비스,AS 접수 후 처리 상태 안내가 전혀 없습니다
47,2026-02-16,스마트페이,금융,서울,리스크 분석 시스템,성능,거래량이 몰리는 시간대에 앱 응답속도가 매우 느립니다
48,2026-02-16,데이터웍스,IT서비스,울산,협업 솔루션,보안,접근 권한 관리 기능이 부족하여 보안 감사에 어려움이 있습니다
49,2026-02-16,아이소프트,IT서비스,대구,데이터 분석 플랫폼,보안,접근 권한 관리 기능이 부족하여 보안 감사에 어려움이 있습니다
50,2026-02-17,미래오토텍,제조,대구,산업용 로봇 RB-20,납기,약속한 납기일을 지키지 않아 고객사 납품이 늦어졌습니다
51,2026-02-18,비전시스템즈,IT서비스,인천,클라우드 인프라,기술지원,기술지원 티켓 응답이 24시간 넘게 걸립니다
52,2026-02-20,넥스트클라우드,IT서비스,광주,협업 솔루션,성능,클라우드 인프라 접속 지연이 반복되어 서비스에 영향이 있습니다
53,2026-02-21,한국에너지솔루션,에너지,서울,배터리 모듈,안전,배터리 과열 경고가 빈번하게 발생해 안전 점검이 필요합니다
54,2026-02-21,새벽마켓,유통,서울,POS 단말기,성능,재고관리 시스템 동기화가 느려서 실재고와 차이가 발생합니다
55,2026-02-22,한빛정밀,제조,부산,MES 솔루션,품질,센서 오작동으로 라인이 자주 멈춰서 생산 손실이 큽니다
56,2026-02-22,솔라원,에너지,경기,배터리 모듈,납기,모듈 공급 납기가 불안정하여 프로젝트 일정이 흔들립니다
57,2026-02-23,한빛정밀,제조,광주,산업용 로봇 RB-20,납기,부품 납기가 계속 지연되어 생산 일정에 차질이 생겼습니다
58,2026-02-25,솔라원,에너지,부산,배터리 모듈,안전,배터리 과열 경고가 빈번하게 발생해 안전 점검이 필요합니다
59,2026-03-01,오케이마트,유통,광주,POS 단말기,서비스,콜센터 상담원이 문제를 이해하지 못하고 같은 질문을 반복합니다
60,2026-03-02,한솔증권,금융,부산,모바일뱅킹 앱,성능,거래량이 몰리는 시간대에 앱 응답속도가 매우 느립니다
61,2026-03-02,스마트페이,금융,부산,핀테크 결제 플랫폼,보안,인증 절차가 복잡하고 보안 오류 메시지가 자주 발생합니다
62,2026-03-02,누리캐피탈,금융,광주,모바일뱅킹 앱,기술지원,장애 원인 분석 보고서가 늦게 제공됩니다
63,2026-03-04,전국물류,유통,광주,POS 단말기,성능,POS 단말기 결제 속도가 느려 고객 대기가 길어집니다
64,2026-03-06,미래오토텍,제조,경기,MES 솔루션,가격,유지보수 비용이 계약 대비 과도하게 청구되었습니다
65,2026-03-08,대성기계,제조,울산,산업용 로봇 RB-20,기술지원,MES 연동 오류 문의에 대한 기술지원 답변이 부정확합니다
66,2026-03-13,미래오토텍,제조,서울,MES 솔루션,기술지원,장애 발생 시 기술지원 엔지니어 방문이 너무 늦습니다
67,2026-03-15,태광산업,제조,서울,산업용 로봇 RB-20,품질,센서 오작동으로 라인이 자주 멈춰서 생산 손실이 큽니다
68,2026-03-16,리빙플러스,유통,대전,재고관리 시스템,서비스,콜센터 상담원이 문제를 이해하지 못하고 같은 질문을 반복합니다
69,2026-03-16,한솔증권,금융,울산,핀테크 결제 플랫폼,보안,인증 절차가 복잡하고 보안 오류 메시지가 자주 발생합니다
70,2026-03-16,오케이마트,유통,서울,재고관리 시스템,성능,재고관리 시스템 동기화가 느려서 실재고와 차이가 발생합니다
71,2026-03-18,대성기계,제조,광주,산업용 로봇 RB-20,기술지원,MES 연동 오류 문의에 대한 기술지원 답변이 부정확합니다
72,2026-03-19,대성기계,제조,대전,산업용 로봇 RB-20,기술지원,MES 연동 오류 문의에 대한 기술지원 답변이 부정확합니다
73,2026-03-23,누리캐피탈,금융,부산,모바일뱅킹 앱,보안,인증 절차가 복잡하고 보안 오류 메시지가 자주 발생합니다
74,2026-03-23,전국물류,유통,광주,POS 단말기,가격,라이선스 비용이 인상되어 부담이 큽니다
75,2026-03-23,대성기계,제조,서울,스마트센서 SX-100,가격,유지보수 비용이 계약 대비 과도하게 청구되었습니다
76,2026-03-24,넥스트클라우드,IT서비스,대구,협업 솔루션,가격,요금 청구서 내역이 불명확하여 확인이 힘듭니다
77,2026-03-24,대성기계,제조,대전,스마트센서 SX-100,납기,약속한 납기일을 지키지 않아 고객사 납품이 늦어졌습니다
78,2026-03-29,리빙플러스,유통,울산,POS 단말기,성능,POS 단말기 결제 속도가 느려 고객 대기가 길어집니다
79,2026-03-30,솔라원,에너지,부산,에너지관리 시스템,기술지원,에너지관리 시스템 설정 오류에 대한 현장 지원이 부족합니다
80,2026-03-31,전국물류,유통,경기,POS 단말기,서비스,콜센터 상담원이 문제를 이해하지 못하고 같은 질문을 반복합니다
81,2026-03-31,대성기계,제조,경기,산업용 로봇 RB-20,가격,유지보수 비용이 계약 대비 과도하게 청구되었습니다
82,2026-04-03,넥스트클라우드,IT서비스,인천,데이터 분석 플랫폼,보안,접근 권한 관리 기능이 부족하여 보안 감사에 어려움이 있습니다
83,2026-04-03,에코배터리,에너지,서울,배터리 모듈,품질,배터리 모듈 수명이 보증 기간보다 짧아 교체 요구가 늘었습니다
84,2026-04-07,미래오토텍,제조,경기,산업용 로봇 RB-20,기술지원,MES 연동 오류 문의에 대한 기술지원 답변이 부정확합니다
85,2026-04-08,오케이마트,유통,대구,POS 단말기,배송,POS 단말기 교체 배송이 일주일 이상 지연되었습니다
86,2026-04-08,태광산업,제조,서울,MES 솔루션,품질,초기 불량 제품이 반복적으로 입고되어 품질 문제가 심각합니다
87,2026-04-09,미래오토텍,제조,대전,MES 솔루션,가격,유지보수 비용이 계약 대비 과도하게 청구되었습니다
88,2026-04-09,태광산업,제조,대구,스마트센서 SX-100,품질,로봇 정밀도가 사양보다 떨어져 불량률이 증가했습니다
89,2026-04-09,아이소프트,IT서비스,광주,클라우드 인프라,기술지원,기술지원 티켓 응답이 24시간 넘게 걸립니다
90,2026-04-10,한빛정밀,제조,대전,MES 솔루션,납기,부품 납기가 계속 지연되어 생산 일정에 차질이 생겼습니다
91,2026-04-11,미래오토텍,제조,대구,산업용 로봇 RB-20,가격,유지보수 비용이 계약 대비 과도하게 청구되었습니다
92,2026-04-12,스마트페이,금융,대구,모바일뱅킹 앱,사용성,앱 화면 구성이 복잡해서 사용하기 불편합니다
93,2026-04-14,대성기계,제조,대전,스마트센서 SX-100,납기,약속한 납기일을 지키지 않아 고객사 납품이 늦어졌습니다
94,2026-04-16,비전시스템즈,IT서비스,대구,데이터 분석 플랫폼,성능,클라우드 인프라 접속 지연이 반복되어 서비스에 영향이 있습니다
95,2026-04-17,미래오토텍,제조,대구,산업용 로봇 RB-20,가격,유지보수 비용이 계약 대비 과도하게 청구되었습니다
96,2026-04-18,누리캐피탈,금융,울산,리스크 분석 시스템,기술지원,시스템 장애 시 담당자 연락이 잘 되지 않습니다
97,2026-04-20,그린파워,에너지,부산,에너지관리 시스템,품질,배터리 모듈 수명이 보증 기간보다 짧아 교체 요구가 늘었습니다
98,2026-04-21,코리아은행,금융,광주,모바일뱅킹 앱,보안,결제 플랫폼 보안 취약점 대응이 늦어 불안합니다
99,2026-04-22,미래오토텍,제조,부산,스마트센서 SX-100,기술지원,MES 연동 오류 문의에 대한 기술지원 답변이 부정확합니다
100,2026-04-22,한국에너지솔루션,에너지,광주,태양광 인버터,품질,인버터 발열 문제로 가동이 중단되는 경우가 있습니다
101,2026-04-24,태광산업,제조,대구,산업용 로봇 RB-20,납기,부품 납기가 계속 지연되어 생산 일정에 차질이 생겼습니다
102,2026-04-24,미래오토텍,제조,인천,스마트센서 SX-100,가격,유지보수 비용이 계약 대비 과도하게 청구되었습니다
103,2026-04-25,스마트페이,금융,광주,리스크 분석 시스템,사용성,앱 화면 구성이 복잡해서 사용하기 불편합니다
104,2026-04-29,스마트페이,금융,부산,모바일뱅킹 앱,성능,거래량이 몰리는 시간대에 앱 응답속도가 매우 느립니다
105,2026-04-30,아이소프트,IT서비스,대구,데이터 분석 플랫폼,가격,사용량 기반 과금 체계가 복잡해서 비용 예측이 어렵습니다
106,2026-05-03,리빙플러스,유통,대구,재고관리 시스템,성능,POS 단말기 결제 속도가 느려 고객 대기가 길어집니다
107,2026-05-05,에코배터리,에너지,서울,에너지관리 시스템,납기,모듈 공급 납기가 불안정하여 프로젝트 일정이 흔들립니다
108,2026-05-07,태광산업,제조,서울,산업용 로봇 RB-20,가격,유지보수 비용이 계약 대비 과도하게 청구되었습니다
109,2026-05-09,한국에너지솔루션,에너지,인천,배터리 모듈,기술지원,에너지관리 시스템 설정 오류에 대한 현장 지원이 부족합니다
110,2026-05-10,넥스트클라우드,IT서비스,광주,클라우드 인프라,가격,사용량 기반 과금 체계가 복잡해서 비용 예측이 어렵습니다
111,2026-05-12,누리캐피탈,금융,경기,리스크 분석 시스템,보안,결제 플랫폼 보안 취약점 대응이 늦어 불안합니다
112,2026-05-12,대성기계,제조,부산,산업용 로봇 RB-20,가격,유지보수 비용이 계약 대비 과도하게 청구되었습니다
113,2026-05-15,그린파워,에너지,부산,배터리 모듈,안전,안전 인증 서류가 늦게 제공되어 설치가 지연되었습니다
114,2026-05-16,미래오토텍,제조,경기,MES 솔루션,납기,약속한 납기일을 지키지 않아 고객사 납품이 늦어졌습니다
115,2026-05-16,그린파워,에너지,서울,태양광 인버터,안전,안전 인증 서류가 늦게 제공되어 설치가 지연되었습니다
116,2026-05-16,비전시스템즈,IT서비스,대전,협업 솔루션,기술지원,기술지원 티켓 응답이 24시간 넘게 걸립니다
117,2026-05-17,비전시스템즈,IT서비스,광주,데이터 분석 플랫폼,보안,접근 권한 관리 기능이 부족하여 보안 감사에 어려움이 있습니다
118,2026-05-18,코리아은행,금융,경기,핀테크 결제 플랫폼,보안,인증 절차가 복잡하고 보안 오류 메시지가 자주 발생합니다
119,2026-05-18,누리캐피탈,금융,서울,리스크 분석 시스템,기술지원,시스템 장애 시 담당자 연락이 잘 되지 않습니다
120,2026-05-19,솔라원,에너지,울산,태양광 인버터,안전,안전 인증 서류가 늦게 제공되어 설치가 지연되었습니다
121,2026-05-22,한빛정밀,제조,경기,MES 솔루션,납기,약속한 납기일을 지키지 않아 고객사 납품이 늦어졌습니다
122,2026-05-23,누리캐피탈,금융,대구,리스크 분석 시스템,기술지원,시스템 장애 시 담당자 연락이 잘 되지 않습니다
123,2026-05-24,대성기계,제조,울산,산업용 로봇 RB-20,품질,센서 오작동으로 라인이 자주 멈춰서 생산 손실이 큽니다
124,2026-05-25,한빛정밀,제조,대전,산업용 로봇 RB-20,기술지원,MES 연동 오류 문의에 대한 기술지원 답변이 부정확합니다
125,2026-05-26,스마트페이,금융,대전,핀테크 결제 플랫폼,성능,리스크 분석 리포트 생성 시간이 너무 오래 걸립니다
126,2026-05-28,솔라원,에너지,대구,배터리 모듈,기술지원,에너지관리 시스템 설정 오류에 대한 현장 지원이 부족합니다
127,2026-05-28,한빛정밀,제조,서울,산업용 로봇 RB-20,납기,약속한 납기일을 지키지 않아 고객사 납품이 늦어졌습니다
128,2026-05-29,리빙플러스,유통,부산,POS 단말기,성능,POS 단말기 결제 속도가 느려 고객 대기가 길어집니다
129,2026-05-30,대성기계,제조,대전,산업용 로봇 RB-20,납기,약속한 납기일을 지키지 않아 고객사 납품이 늦어졌습니다
130,2026-05-30,전국물류,유통,인천,POS 단말기,가격,추가 기능 비용이 불투명하게 청구됩니다
131,2026-05-31,미래오토텍,제조,대전,산업용 로봇 RB-20,납기,약속한 납기일을 지키지 않아 고객사 납품이 늦어졌습니다
132,2026-05-31,미래오토텍,제조,경기,MES 솔루션,품질,센서 오작동으로 라인이 자주 멈춰서 생산 손실이 큽니다
133,2026-06-01,데이터웍스,IT서비스,경기,협업 솔루션,기술지원,기술지원 티켓 응답이 24시간 넘게 걸립니다
134,2026-06-01,스마트페이,금융,대전,핀테크 결제 플랫폼,기술지원,장애 원인 분석 보고서가 늦게 제공됩니다
135,2026-06-04,데이터웍스,IT서비스,울산,데이터 분석 플랫폼,가격,요금 청구서 내역이 불명확하여 확인이 힘듭니다
136,2026-06-04,미래오토텍,제조,울산,산업용 로봇 RB-20,납기,부품 납기가 계속 지연되어 생산 일정에 차질이 생겼습니다
137,2026-06-05,새벽마켓,유통,광주,물류 자동화 설비,배송,설비 배송 중 파손이 발생했으나 보상 절차가 불명확합니다
138,2026-06-07,스마트페이,금융,서울,핀테크 결제 플랫폼,사용성,메뉴 구조가 자주 바뀌어 직원 교육 부담이 큽니다
139,2026-06-08,한솔증권,금융,서울,리스크 분석 시스템,사용성,앱 화면 구성이 복잡해서 사용하기 불편합니다
140,2026-06-09,오케이마트,유통,부산,재고관리 시스템,서비스,AS 접수 후 처리 상태 안내가 전혀 없습니다
141,2026-06-17,코리아은행,금융,광주,모바일뱅킹 앱,기술지원,시스템 장애 시 담당자 연락이 잘 되지 않습니다
142,2026-06-17,전국물류,유통,경기,POS 단말기,배송,설비 배송 중 파손이 발생했으나 보상 절차가 불명확합니다
143,2026-06-17,아이소프트,IT서비스,부산,클라우드 인프라,보안,접근 권한 관리 기능이 부족하여 보안 감사에 어려움이 있습니다
144,2026-06-17,오케이마트,유통,울산,POS 단말기,성능,재고관리 시스템 동기화가 느려서 실재고와 차이가 발생합니다
145,2026-06-18,솔라원,에너지,부산,태양광 인버터,안전,안전 인증 서류가 늦게 제공되어 설치가 지연되었습니다
146,2026-06-21,전국물류,유통,서울,POS 단말기,배송,설비 배송 중 파손이 발생했으나 보상 절차가 불명확합니다
147,2026-06-25,한빛정밀,제조,대전,스마트센서 SX-100,납기,약속한 납기일을 지키지 않아 고객사 납품이 늦어졌습니다
148,2026-06-26,새벽마켓,유통,서울,재고관리 시스템,성능,재고관리 시스템 동기화가 느려서 실재고와 차이가 발생합니다
149,2026-07-01,대성기계,제조,경기,산업용 로봇 RB-20,가격,유지보수 비용이 계약 대비 과도하게 청구되었습니다
150,2026-07-01,비전시스템즈,IT서비스,울산,협업 솔루션,성능,클라우드 인프라 접속 지연이 반복되어 서비스에 영향이 있습니다
151,2026-07-02,새벽마켓,유통,대전,물류 자동화 설비,성능,재고관리 시스템 동기화가 느려서 실재고와 차이가 발생합니다
152,2026-07-03,새벽마켓,유통,광주,POS 단말기,가격,추가 기능 비용이 불투명하게 청구됩니다
153,2026-07-04,스마트페이,금융,광주,모바일뱅킹 앱,보안,결제 플랫폼 보안 취약점 대응이 늦어 불안합니다
154,2026-07-05,비전시스템즈,IT서비스,대구,클라우드 인프라,가격,요금 청구서 내역이 불명확하여 확인이 힘듭니다
155,2026-07-05,새벽마켓,유통,광주,POS 단말기,배송,POS 단말기 교체 배송이 일주일 이상 지연되었습니다
156,2026-07-06,누리캐피탈,금융,울산,리스크 분석 시스템,보안,결제 플랫폼 보안 취약점 대응이 늦어 불안합니다
157,2026-07-07,데이터웍스,IT서비스,광주,클라우드 인프라,보안,접근 권한 관리 기능이 부족하여 보안 감사에 어려움이 있습니다
158,2026-07-07,코리아은행,금융,대전,리스크 분석 시스템,보안,결제 플랫폼 보안 취약점 대응이 늦어 불안합니다
159,2026-07-09,미래오토텍,제조,부산,MES 솔루션,가격,유지보수 비용이 계약 대비 과도하게 청구되었습니다
160,2026-07-11,미래오토텍,제조,인천,스마트센서 SX-100,가격,유지보수 비용이 계약 대비 과도하게 청구되었습니다
161,2026-07-14,데이터웍스,IT서비스,부산,클라우드 인프라,기술지원,기술지원 티켓 응답이 24시간 넘게 걸립니다
162,2026-07-14,스마트페이,금융,인천,리스크 분석 시스템,성능,거래량이 몰리는 시간대에 앱 응답속도가 매우 느립니다
163,2026-07-14,대성기계,제조,인천,스마트센서 SX-100,납기,부품 납기가 계속 지연되어 생산 일정에 차질이 생겼습니다
164,2026-07-16,한솔증권,금융,광주,리스크 분석 시스템,보안,인증 절차가 복잡하고 보안 오류 메시지가 자주 발생합니다
165,2026-07-16,한빛정밀,제조,대구,스마트센서 SX-100,품질,센서 오작동으로 라인이 자주 멈춰서 생산 손실이 큽니다
166,2026-07-21,한빛정밀,제조,부산,스마트센서 SX-100,가격,유지보수 비용이 계약 대비 과도하게 청구되었습니다
167,2026-07-21,비전시스템즈,IT서비스,대전,협업 솔루션,보안,접근 권한 관리 기능이 부족하여 보안 감사에 어려움이 있습니다
168,2026-07-22,코리아은행,금융,경기,리스크 분석 시스템,성능,거래량이 몰리는 시간대에 앱 응답속도가 매우 느립니다
169,2026-07-23,그린파워,에너지,대구,배터리 모듈,품질,배터리 모듈 수명이 보증 기간보다 짧아 교체 요구가 늘었습니다
170,2026-07-23,스마트페이,금융,울산,모바일뱅킹 앱,기술지원,장애 원인 분석 보고서가 늦게 제공됩니다
171,2026-07-23,태광산업,제조,부산,MES 솔루션,품질,센서 오작동으로 라인이 자주 멈춰서 생산 손실이 큽니다
172,2026-07-24,새벽마켓,유통,울산,POS 단말기,배송,POS 단말기 교체 배송이 일주일 이상 지연되었습니다
173,2026-07-24,넥스트클라우드,IT서비스,경기,클라우드 인프라,가격,요금 청구서 내역이 불명확하여 확인이 힘듭니다
174,2026-07-24,비전시스템즈,IT서비스,서울,데이터 분석 플랫폼,성능,데이터 분석 플랫폼 쿼리 속도가 너무 느립니다
175,2026-07-25,미래오토텍,제조,부산,산업용 로봇 RB-20,가격,유지보수 비용이 계약 대비 과도하게 청구되었습니다
176,2026-07-25,대성기계,제조,울산,산업용 로봇 RB-20,기술지원,장애 발생 시 기술지원 엔지니어 방문이 너무 늦습니다
177,2026-07-26,대성기계,제조,광주,MES 솔루션,납기,약속한 납기일을 지키지 않아 고객사 납품이 늦어졌습니다
178,2026-07-27,미래오토텍,제조,서울,스마트센서 SX-100,납기,부품 납기가 계속 지연되어 생산 일정에 차질이 생겼습니다
179,2026-07-27,누리캐피탈,금융,광주,핀테크 결제 플랫폼,사용성,메뉴 구조가 자주 바뀌어 직원 교육 부담이 큽니다
180,2026-07-27,대성기계,제조,대구,스마트센서 SX-100,품질,센서 오작동으로 라인이 자주 멈춰서 생산 손실이 큽니다
181,2026-07-29,아이소프트,IT서비스,부산,협업 솔루션,기술지원,문서와 API 가이드가 오래되어 연동 개발이 어렵습니다
182,2026-07-30,비전시스템즈,IT서비스,부산,협업 솔루션,성능,데이터 분석 플랫폼 쿼리 속도가 너무 느립니다
183,2026-07-31,넥스트클라우드,IT서비스,울산,협업 솔루션,성능,클라우드 인프라 접속 지연이 반복되어 서비스에 영향이 있습니다
184,2026-08-02,넥스트클라우드,IT서비스,울산,데이터 분석 플랫폼,보안,접근 권한 관리 기능이 부족하여 보안 감사에 어려움이 있습니다
185,2026-08-03,대성기계,제조,울산,MES 솔루션,품질,초기 불량 제품이 반복적으로 입고되어 품질 문제가 심각합니다
186,2026-08-03,태광산업,제조,대전,MES 솔루션,품질,로봇 정밀도가 사양보다 떨어져 불량률이 증가했습니다
187,2026-08-04,전국물류,유통,대구,POS 단말기,가격,추가 기능 비용이 불투명하게 청구됩니다
188,2026-08-05,그린파워,에너지,대전,배터리 모듈,품질,인버터 발열 문제로 가동이 중단되는 경우가 있습니다
189,2026-08-05,리빙플러스,유통,인천,재고관리 시스템,가격,추가 기능 비용이 불투명하게 청구됩니다
190,2026-08-06,미래오토텍,제조,대구,산업용 로봇 RB-20,납기,부품 납기가 계속 지연되어 생산 일정에 차질이 생겼습니다
191,2026-08-08,한빛정밀,제조,대구,MES 솔루션,납기,약속한 납기일을 지키지 않아 고객사 납품이 늦어졌습니다
192,2026-08-08,한빛정밀,제조,울산,MES 솔루션,기술지원,장애 발생 시 기술지원 엔지니어 방문이 너무 늦습니다
193,2026-08-09,대성기계,제조,서울,스마트센서 SX-100,기술지원,MES 연동 오류 문의에 대한 기술지원 답변이 부정확합니다
194,2026-08-10,코리아은행,금융,서울,리스크 분석 시스템,사용성,메뉴 구조가 자주 바뀌어 직원 교육 부담이 큽니다
195,2026-08-10,태광산업,제조,대전,스마트센서 SX-100,기술지원,장애 발생 시 기술지원 엔지니어 방문이 너무 늦습니다
196,2026-08-11,한솔증권,금융,경기,리스크 분석 시스템,성능,리스크 분석 리포트 생성 시간이 너무 오래 걸립니다
197,2026-08-11,대성기계,제조,울산,스마트센서 SX-100,품질,센서 오작동으로 라인이 자주 멈춰서 생산 손실이 큽니다
198,2026-08-14,새벽마켓,유통,서울,재고관리 시스템,배송,POS 단말기 교체 배송이 일주일 이상 지연되었습니다
199,2026-08-15,전국물류,유통,대구,물류 자동화 설비,배송,설비 배송 중 파손이 발생했으나 보상 절차가 불명확합니다
200,2026-08-15,코리아은행,금융,서울,리스크 분석 시스템,보안,인증 절차가 복잡하고 보안 오류 메시지가 자주 발생합니다
201,2026-08-15,누리캐피탈,금융,부산,리스크 분석 시스템,보안,인증 절차가 복잡하고 보안 오류 메시지가 자주 발생합니다
202,2026-08-16,태광산업,제조,대구,스마트센서 SX-100,기술지원,장애 발생 시 기술지원 엔지니어 방문이 너무 늦습니다
203,2026-08-17,미래오토텍,제조,울산,MES 솔루션,기술지원,MES 연동 오류 문의에 대한 기술지원 답변이 부정확합니다
204,2026-08-17,아이소프트,IT서비스,대전,클라우드 인프라,기술지원,기술지원 티켓 응답이 24시간 넘게 걸립니다
205,2026-08-17,오케이마트,유통,울산,물류 자동화 설비,성능,POS 단말기 결제 속도가 느려 고객 대기가 길어집니다
206,2026-08-18,한솔증권,금융,서울,핀테크 결제 플랫폼,성능,거래량이 몰리는 시간대에 앱 응답속도가 매우 느립니다
207,2026-08-19,스마트페이,금융,부산,리스크 분석 시스템,사용성,앱 화면 구성이 복잡해서 사용하기 불편합니다
208,2026-08-20,그린파워,에너지,서울,태양광 인버터,기술지원,에너지관리 시스템 설정 오류에 대한 현장 지원이 부족합니다
209,2026-08-20,아이소프트,IT서비스,부산,클라우드 인프라,보안,접근 권한 관리 기능이 부족하여 보안 감사에 어려움이 있습니다
210,2026-08-21,아이소프트,IT서비스,광주,클라우드 인프라,가격,사용량 기반 과금 체계가 복잡해서 비용 예측이 어렵습니다
211,2026-08-22,오케이마트,유통,경기,물류 자동화 설비,배송,POS 단말기 교체 배송이 일주일 이상 지연되었습니다
212,2026-08-24,누리캐피탈,금융,부산,모바일뱅킹 앱,사용성,앱 화면 구성이 복잡해서 사용하기 불편합니다
213,2026-08-27,새벽마켓,유통,인천,물류 자동화 설비,서비스,AS 접수 후 처리 상태 안내가 전혀 없습니다
214,2026-08-28,아이소프트,IT서비스,부산,데이터 분석 플랫폼,가격,요금 청구서 내역이 불명확하여 확인이 힘듭니다
215,2026-08-31,그린파워,에너지,경기,에너지관리 시스템,납기,모듈 공급 납기가 불안정하여 프로젝트 일정이 흔들립니다
216,2026-09-01,솔라원,에너지,대구,배터리 모듈,안전,안전 인증 서류가 늦게 제공되어 설치가 지연되었습니다
217,2026-09-04,한솔증권,금융,부산,핀테크 결제 플랫폼,보안,인증 절차가 복잡하고 보안 오류 메시지가 자주 발생합니다
218,2026-09-05,한솔증권,금융,서울,리스크 분석 시스템,보안,결제 플랫폼 보안 취약점 대응이 늦어 불안합니다
219,2026-09-06,리빙플러스,유통,서울,물류 자동화 설비,성능,재고관리 시스템 동기화가 느려서 실재고와 차이가 발생합니다
220,2026-09-08,넥스트클라우드,IT서비스,경기,데이터 분석 플랫폼,가격,요금 청구서 내역이 불명확하여 확인이 힘듭니다
221,2026-09-10,태광산업,제조,경기,산업용 로봇 RB-20,가격,유지보수 비용이 계약 대비 과도하게 청구되었습니다
222,2026-09-10,넥스트클라우드,IT서비스,인천,데이터 분석 플랫폼,가격,사용량 기반 과금 체계가 복잡해서 비용 예측이 어렵습니다
223,2026-09-11,태광산업,제조,경기,산업용 로봇 RB-20,품질,센서 오작동으로 라인이 자주 멈춰서 생산 손실이 큽니다
224,2026-09-11,미래오토텍,제조,광주,MES 솔루션,납기,부품 납기가 계속 지연되어 생산 일정에 차질이 생겼습니다
225,2026-09-13,데이터웍스,IT서비스,서울,클라우드 인프라,보안,접근 권한 관리 기능이 부족하여 보안 감사에 어려움이 있습니다
226,2026-09-15,리빙플러스,유통,부산,재고관리 시스템,서비스,콜센터 상담원이 문제를 이해하지 못하고 같은 질문을 반복합니다
227,2026-09-17,누리캐피탈,금융,서울,모바일뱅킹 앱,보안,결제 플랫폼 보안 취약점 대응이 늦어 불안합니다
228,2026-09-17,누리캐피탈,금융,광주,리스크 분석 시스템,기술지원,시스템 장애 시 담당자 연락이 잘 되지 않습니다
229,2026-09-17,전국물류,유통,대구,재고관리 시스템,서비스,AS 접수 후 처리 상태 안내가 전혀 없습니다
230,2026-09-17,새벽마켓,유통,광주,POS 단말기,성능,재고관리 시스템 동기화가 느려서 실재고와 차이가 발생합니다
231,2026-09-17,전국물류,유통,대구,물류 자동화 설비,가격,추가 기능 비용이 불투명하게 청구됩니다
232,2026-09-18,에코배터리,에너지,경기,태양광 인버터,안전,안전 인증 서류가 늦게 제공되어 설치가 지연되었습니다
233,2026-09-19,한빛정밀,제조,서울,MES 솔루션,기술지원,MES 연동 오류 문의에 대한 기술지원 답변이 부정확합니다
234,2026-09-20,누리캐피탈,금융,울산,모바일뱅킹 앱,보안,인증 절차가 복잡하고 보안 오류 메시지가 자주 발생합니다
235,2026-09-20,오케이마트,유통,대전,물류 자동화 설비,서비스,AS 접수 후 처리 상태 안내가 전혀 없습니다
236,2026-09-21,태광산업,제조,대전,산업용 로봇 RB-20,가격,유지보수 비용이 계약 대비 과도하게 청구되었습니다
237,2026-09-24,그린파워,에너지,광주,태양광 인버터,기술지원,에너지관리 시스템 설정 오류에 대한 현장 지원이 부족합니다
238,2026-09-25,누리캐피탈,금융,인천,리스크 분석 시스템,사용성,메뉴 구조가 자주 바뀌어 직원 교육 부담이 큽니다
239,2026-09-27,대성기계,제조,울산,스마트센서 SX-100,품질,센서 오작동으로 라인이 자주 멈춰서 생산 손실이 큽니다
240,2026-09-28,미래오토텍,제조,경기,MES 솔루션,품질,로봇 정밀도가 사양보다 떨어져 불량률이 증가했습니다
