순번,일자,고객명,산업군,지역,제품명,분야,심각도,불만
1,2025-01-03,N강관,강관,해외/유럽,열연강판,품질,Medium,동일 규격 열연강판 간 강도 편차가 커 용접 조건 표준화가 어렵습니다.
2,2025-01-03,K조선해양,조선,해외/유럽,고장력강,품질,High,동일 규격 고장력강 간 강도 편차가 커 용접 조건 표준화가 어렵습니다.
3,2025-01-08,H중공업,조선,해외/유럽,고장력강,포장/물류,Medium,고장력강 포장 단위가 당사 자동창고 규격과 맞지 않아 재포장 작업이 필요합니다.
4,2025-01-09,N강관,강관,강원권,후판,품질,Medium,후판 두께 편차가 허용 기준에 근접해 선급 검사 대응에 부담이 있습니다.
5,2025-01-11,A철재,유통,강원권,열연강판,가격,Medium,열연강판 단가 인상 폭이 커 당사 수주 프로젝트의 원가 경쟁력이 약화되고 있습니다.
6,2025-01-12,D건설,건설,수도권,후판,품질,Medium,후판 용접부 인근 평탄도 불량으로 조립 공정에서 재작업이 발생했습니다.
7,2025-01-16,B기계,기계,영남권,고장력강,기술지원,Medium,초도 적용 중인 고장력강의 시험 결과 해석을 위한 전문가 리뷰가 필요합니다.
8,2025-01-17,G패널,건축자재,호남권,컬러강판,공급부족,High,고급 사양 컬러강판 배정 물량이 부족해 신규 프로젝트 양산 일정에 리스크가 있습니다.
9,2025-01-18,C물류,물류,해외/유럽,열연강판,공급부족,High,특정 규격 열연강판 공급 가능 물량이 제한되어 대체 강종 검토가 필요합니다.
10,2025-01-20,K모빌리티,자동차,영남권,냉연강판,공급부족,High,전방 산업 수요 증가로 냉연강판 배정 우선순위가 낮아질까 우려됩니다.
11,2025-01-21,K조선해양,조선,호남권,고장력강,품질,Medium,고장력강에서 부분적인 산화 자국이 발견되어 고객사 검사에서 보류 판정을 받았습니다.
12,2025-01-23,K풍력,에너지,수도권,고장력강,공급부족,High,특정 규격 고장력강 공급 가능 물량이 제한되어 대체 강종 검토가 필요합니다.
13,2025-01-23,S전자,전자,해외/동남아,스테인리스강,품질,Low,절단 후 스테인리스강 가장자리 버가 많아 추가 연마 공정이 필요합니다.
14,2025-01-24,B기계,기계,해외/일본,열연강판,납기,Medium,긴급 발주한 열연강판 물량의 출하 가능일 안내가 늦어 현장 대응이 어렵습니다.
15,2025-01-24,E모터,전장,수도권,자동차강판,품질,High,자동차강판 외판재 표면 결함으로 도장 후 광택 불량이 발생했습니다.
16,2025-01-25,L가전,가전,호남권,아연도금강판(GI),공급부족,High,전방 산업 수요 증가로 아연도금강판(GI) 배정 우선순위가 낮아질까 우려됩니다.
17,2025-01-26,S전자,전자,해외/유럽,전기강판,납기,High,긴급 발주한 전기강판 물량의 출하 가능일 안내가 늦어 현장 대응이 어렵습니다.
18,2025-01-27,K모빌리티,자동차,영남권,자동차강판,가격,Medium,분기별 가격 조정 방식이 불투명해 자동차강판 연간 구매 예산 수립이 어렵습니다.
19,2025-02-02,T플랜트,플랜트,해외/일본,스테인리스강,품질,High,동일 규격 스테인리스강 간 강도 편차가 커 용접 조건 표준화가 어렵습니다.
20,2025-02-03,K조선해양,조선,해외/유럽,고장력강,공급부족,Medium,전방 산업 수요 증가로 고장력강 배정 우선순위가 낮아질까 우려됩니다.
21,2025-02-03,D건설,건설,해외/일본,컬러강판,품질,High,동일 규격 컬러강판 간 강도 편차가 커 용접 조건 표준화가 어렵습니다.
22,2025-02-05,L가전,가전,충청권,아연도금강판(GI),품질,Medium,입고된 아연도금강판(GI) 일부 코일에서 두께 편차가 커 생산 조건을 재설정해야 했습니다.
23,2025-02-06,C물류,물류,강원권,열연강판,품질,Low,도장 후 열연강판 표면에 얼룩과 색상 편차가 확인되어 외관 품질 클레임이 발생했습니다.
24,2025-02-06,K조선해양,조선,수도권,후판,기타,Low,후판 샘플 요청 프로세스가 복잡해 신규 프로젝트 대응 속도가 떨어집니다.
25,2025-02-06,K풍력,에너지,강원권,후판,인증/문서,Medium,수출용 후판 원산지 증명서와 품질 인증서의 발급 일정이 불명확합니다.
26,2025-02-08,B기계,기계,강원권,냉연강판,인증/문서,Medium,수출용 냉연강판 원산지 증명서와 품질 인증서의 발급 일정이 불명확합니다.
27,2025-02-09,T플랜트,플랜트,수도권,고장력강,품질,High,고장력강 성형 과정에서 균열 발생률이 최근 3개 로트 연속 증가했습니다.
28,2025-02-12,N강관,강관,수도권,후판,공급부족,High,전방 산업 수요 증가로 후판 배정 우선순위가 낮아질까 우려됩니다.
29,2025-02-12,L가전,가전,해외/동남아,아연도금강판(GI),공급부족,Medium,특정 규격 아연도금강판(GI) 공급 가능 물량이 제한되어 대체 강종 검토가 필요합니다.
30,2025-02-12,A철재,유통,수도권,후판,납기,Low,월말 입고 예정인 후판가 분할 납품으로 변경되어 라인 운영에 차질이 있습니다.
31,2025-02-14,K모빌리티,자동차,영남권,냉연강판,기타,Medium,냉연강판 클레임 접수 후 진행 상태 공유가 부족해 고객사 문의 대응이 어렵습니다.
32,2025-02-14,B기계,기계,영남권,열연강판,가격,Low,분기별 가격 조정 방식이 불투명해 열연강판 연간 구매 예산 수립이 어렵습니다.
33,2025-02-16,S전자,전자,호남권,냉연강판,납기,High,선적 일정 변경으로 냉연강판 수출 물량의 도착일이 불확실해졌습니다.
34,2025-02-17,D건설,건설,영남권,후판,포장/물류,Medium,운송 중 후판 코일 외경부 포장재가 찢어져 표면 오염이 발생했습니다.
35,2025-02-18,G패널,건축자재,해외/유럽,컬러강판,인증/문서,Low,납품된 컬러강판 시험성적서 발급이 지연되어 고객사 검사 제출 일정에 영향이 있습니다.
36,2025-02-19,M에너지,에너지,해외/일본,스테인리스강,공급부족,High,특정 규격 스테인리스강 공급 가능 물량이 제한되어 대체 강종 검토가 필요합니다.
37,2025-02-20,C물류,물류,해외/일본,컬러강판,납기,High,선적 일정 변경으로 컬러강판 수출 물량의 도착일이 불확실해졌습니다.
38,2025-02-20,K모빌리티,자동차,영남권,아연도금강판(GI),포장/물류,Medium,아연도금강판(GI) 팔레트 고정 상태가 미흡해 하역 중 흔들림이 확인되었습니다.
39,2025-02-20,E모터,전장,해외/일본,자동차강판,품질,High,동일 규격 자동차강판 간 강도 편차가 커 용접 조건 표준화가 어렵습니다.
40,2025-02-22,K모빌리티,자동차,해외/유럽,냉연강판,납기,High,냉연강판 배차 일정이 자주 변경되어 하역 인력과 창고 운영 계획을 맞추기 어렵습니다.
41,2025-02-26,C물류,물류,해외/유럽,컬러강판,공급부족,Medium,전방 산업 수요 증가로 컬러강판 배정 우선순위가 낮아질까 우려됩니다.
42,2025-03-01,R배터리,배터리,영남권,아연도금강판(GI),납기,Low,주문 확정 후 아연도금강판(GI) 리드타임이 예상보다 길어 고객사 납품 약속을 지키기 어렵습니다.
43,2025-03-06,L가전,가전,강원권,냉연강판,기술지원,Low,냉연강판 사용 공정에 맞춘 용접 조건 가이드와 현장 기술 지원을 요청드립니다.
44,2025-03-06,K풍력,에너지,해외/동남아,후판,가격,Medium,경쟁사 대비 후판 가격 차이가 커 장기 계약 조건 재검토가 필요합니다.
45,2025-03-06,H중공업,조선,강원권,열연강판,포장/물류,Medium,열연강판 포장 단위가 당사 자동창고 규격과 맞지 않아 재포장 작업이 필요합니다.
46,2025-03-07,D모터스,자동차,해외/일본,아연도금강판(GI),품질,High,아연도금강판(GI)의 평탄도 편차가 커 자동 적재 설비에서 잼이 발생하고 있습니다.
47,2025-03-07,E모터,전장,해외/일본,자동차강판,공급부족,High,고급 사양 자동차강판 배정 물량이 부족해 신규 프로젝트 양산 일정에 리스크가 있습니다.
48,2025-03-09,L가전,가전,해외/유럽,냉연강판,품질,Medium,냉연강판의 평탄도 편차가 커 자동 적재 설비에서 잼이 발생하고 있습니다.
49,2025-03-09,R배터리,배터리,충청권,냉연강판,기술지원,Low,초도 적용 중인 냉연강판의 시험 결과 해석을 위한 전문가 리뷰가 필요합니다.
50,2025-03-11,D건설,건설,해외/일본,열연강판,기타,Low,열연강판 주문 변경 요청에 대한 영업 담당자 회신 속도가 느려 의사결정이 지연됩니다.
51,2025-03-13,S조선,조선,해외/유럽,고장력강,가격,Medium,고장력강 단가 인상 폭이 커 당사 수주 프로젝트의 원가 경쟁력이 약화되고 있습니다.
52,2025-03-13,P건설,건설,호남권,아연도금강판(GI),기타,Low,아연도금강판(GI) 주문 변경 요청에 대한 영업 담당자 회신 속도가 느려 의사결정이 지연됩니다.
53,2025-03-19,S전자,전자,해외/유럽,스테인리스강,기타,Low,스테인리스강 클레임 접수 후 진행 상태 공유가 부족해 고객사 문의 대응이 어렵습니다.
54,2025-03-19,M에너지,에너지,영남권,스테인리스강,포장/물류,Medium,스테인리스강 포장 단위가 당사 자동창고 규격과 맞지 않아 재포장 작업이 필요합니다.
55,2025-03-19,N강관,강관,영남권,후판,공급부족,High,특정 규격 후판 공급 가능 물량이 제한되어 대체 강종 검토가 필요합니다.
56,2025-03-20,C물류,물류,강원권,아연도금강판(GI),기타,Medium,아연도금강판(GI) 샘플 요청 프로세스가 복잡해 신규 프로젝트 대응 속도가 떨어집니다.
57,2025-03-21,T플랜트,플랜트,강원권,스테인리스강,기술지원,Low,스테인리스강 사용 공정에 맞춘 용접 조건 가이드와 현장 기술 지원을 요청드립니다.
58,2025-03-21,L가전,가전,해외/유럽,컬러강판,품질,Low,입고된 컬러강판 일부 코일에서 두께 편차가 커 생산 조건을 재설정해야 했습니다.
59,2025-03-22,S조선,조선,충청권,고장력강,포장/물류,Medium,우천 운송 후 고장력강 방청 포장 내부에 습기가 유입된 것으로 보입니다.
60,2025-03-22,D건설,건설,충청권,후판,기술지원,Low,대체 강종 제안을 받았지만 후판 적용 가능성 검증 데이터가 부족합니다.
61,2025-03-23,M에너지,에너지,강원권,후판,품질,High,소재 표면 청정도가 낮아 후판 접착 및 도장 공정에서 불량이 발생했습니다.
62,2025-03-24,S전자,전자,해외/일본,냉연강판,공급부족,High,특정 규격 냉연강판 공급 가능 물량이 제한되어 대체 강종 검토가 필요합니다.
63,2025-03-25,A철재,유통,영남권,열연강판,납기,High,월말 입고 예정인 열연강판가 분할 납품으로 변경되어 라인 운영에 차질이 있습니다.
64,2025-03-26,M에너지,에너지,영남권,고장력강,가격,Medium,원자재 가격 변동분 반영 기준이 명확하지 않아 고장력강 견적 검토가 어렵습니다.
65,2025-03-27,N강관,강관,수도권,후판,공급부족,Medium,전방 산업 수요 증가로 후판 배정 우선순위가 낮아질까 우려됩니다.
66,2025-03-27,G패널,건축자재,해외/유럽,스테인리스강,납기,Medium,월말 입고 예정인 스테인리스강가 분할 납품으로 변경되어 라인 운영에 차질이 있습니다.
67,2025-03-28,G패널,건축자재,해외/유럽,컬러강판,품질,High,동일 규격 컬러강판 간 강도 편차가 커 용접 조건 표준화가 어렵습니다.
68,2025-03-29,B기계,기계,강원권,냉연강판,납기,Low,선적 일정 변경으로 냉연강판 수출 물량의 도착일이 불확실해졌습니다.
69,2025-03-30,S조선,조선,해외/일본,열연강판,품질,Medium,소재 표면 청정도가 낮아 열연강판 접착 및 도장 공정에서 불량이 발생했습니다.
70,2025-04-01,D건설,건설,해외/유럽,열연강판,납기,High,열연강판 배차 일정이 자주 변경되어 하역 인력과 창고 운영 계획을 맞추기 어렵습니다.
71,2025-04-01,M에너지,에너지,해외/동남아,전기강판,기타,Medium,정기적으로 전기강판 시장 동향과 수급 전망 자료를 제공받고 싶습니다.
72,2025-04-03,K조선해양,조선,호남권,후판,공급부족,High,특정 규격 후판 공급 가능 물량이 제한되어 대체 강종 검토가 필요합니다.
73,2025-04-03,G패널,건축자재,영남권,컬러강판,가격,Medium,분기별 가격 조정 방식이 불투명해 컬러강판 연간 구매 예산 수립이 어렵습니다.
74,2025-04-04,K풍력,에너지,해외/유럽,후판,가격,Medium,원자재 가격 변동분 반영 기준이 명확하지 않아 후판 견적 검토가 어렵습니다.
75,2025-04-06,S조선,조선,해외/유럽,고장력강,인증/문서,Low,납품된 고장력강 시험성적서 발급이 지연되어 고객사 검사 제출 일정에 영향이 있습니다.
76,2025-04-08,M에너지,에너지,해외/동남아,스테인리스강,기술지원,Low,스테인리스강 불량 원인 분석 결과 회신이 늦어 고객사 대응 보고서 작성이 지연되고 있습니다.
77,2025-04-08,L가전,가전,호남권,스테인리스강,품질,High,소재 표면 청정도가 낮아 스테인리스강 접착 및 도장 공정에서 불량이 발생했습니다.
78,2025-04-09,D건설,건설,해외/일본,열연강판,기타,Medium,열연강판 주문 변경 요청에 대한 영업 담당자 회신 속도가 느려 의사결정이 지연됩니다.
79,2025-04-11,R배터리,배터리,해외/일본,아연도금강판(GI),납기,High,월말 입고 예정인 아연도금강판(GI)가 분할 납품으로 변경되어 라인 운영에 차질이 있습니다.
80,2025-04-13,S전자,전자,영남권,스테인리스강,포장/물류,Low,스테인리스강 팔레트 고정 상태가 미흡해 하역 중 흔들림이 확인되었습니다.
81,2025-04-13,R배터리,배터리,호남권,아연도금강판(GI),가격,Medium,아연도금강판(GI) 단가 인상 폭이 커 당사 수주 프로젝트의 원가 경쟁력이 약화되고 있습니다.
82,2025-04-14,B기계,기계,충청권,열연강판,납기,Low,열연강판 납품 일정이 기존 합의 대비 5일 지연되어 생산 계획 재조정이 필요합니다.
83,2025-04-16,C물류,물류,영남권,열연강판,기술지원,Medium,대체 강종 제안을 받았지만 열연강판 적용 가능성 검증 데이터가 부족합니다.
84,2025-04-16,S조선,조선,해외/동남아,고장력강,기술지원,Low,대체 강종 제안을 받았지만 고장력강 적용 가능성 검증 데이터가 부족합니다.
85,2025-04-17,M에너지,에너지,호남권,고장력강,품질,Low,입고된 고장력강 일부 코일에서 두께 편차가 커 생산 조건을 재설정해야 했습니다.
86,2025-04-17,T플랜트,플랜트,수도권,고장력강,품질,High,입고된 고장력강 일부 코일에서 두께 편차가 커 생산 조건을 재설정해야 했습니다.
87,2025-04-19,G패널,건축자재,해외/일본,컬러강판,가격,Medium,소량 주문 시 컬러강판 할증률이 높아 시험 생산 물량 확보가 부담됩니다.
88,2025-04-20,K모빌리티,자동차,해외/일본,아연도금강판(GI),가격,Medium,소량 주문 시 아연도금강판(GI) 할증률이 높아 시험 생산 물량 확보가 부담됩니다.
89,2025-04-20,P건설,건설,충청권,아연도금강판(GI),가격,Medium,원자재 가격 변동분 반영 기준이 명확하지 않아 아연도금강판(GI) 견적 검토가 어렵습니다.
90,2025-04-22,S조선,조선,호남권,고장력강,인증/문서,Low,수출용 고장력강 원산지 증명서와 품질 인증서의 발급 일정이 불명확합니다.
91,2025-04-23,H중공업,조선,강원권,열연강판,품질,Low,열연강판에서 부분적인 산화 자국이 발견되어 고객사 검사에서 보류 판정을 받았습니다.
92,2025-04-23,H자동차,자동차,수도권,전기강판,납기,High,주문 확정 후 전기강판 리드타임이 예상보다 길어 고객사 납품 약속을 지키기 어렵습니다.
93,2025-04-24,G패널,건축자재,해외/유럽,스테인리스강,납기,Low,월말 입고 예정인 스테인리스강가 분할 납품으로 변경되어 라인 운영에 차질이 있습니다.
94,2025-04-26,S조선,조선,충청권,후판,납기,Medium,긴급 발주한 후판 물량의 출하 가능일 안내가 늦어 현장 대응이 어렵습니다.
95,2025-04-26,B기계,기계,호남권,냉연강판,가격,Medium,냉연강판 단가 인상 폭이 커 당사 수주 프로젝트의 원가 경쟁력이 약화되고 있습니다.
96,2025-04-30,B기계,기계,호남권,냉연강판,가격,Medium,냉연강판 단가 인상 폭이 커 당사 수주 프로젝트의 원가 경쟁력이 약화되고 있습니다.
97,2025-05-03,D건설,건설,해외/일본,열연강판,납기,Medium,열연강판 배차 일정이 자주 변경되어 하역 인력과 창고 운영 계획을 맞추기 어렵습니다.
98,2025-05-04,C물류,물류,강원권,아연도금강판(GI),납기,Low,주문 확정 후 아연도금강판(GI) 리드타임이 예상보다 길어 고객사 납품 약속을 지키기 어렵습니다.
99,2025-05-07,G패널,건축자재,강원권,아연도금강판(GI),납기,Low,선적 일정 변경으로 아연도금강판(GI) 수출 물량의 도착일이 불확실해졌습니다.
100,2025-05-08,D건설,건설,영남권,열연강판,품질,High,도장 후 열연강판 표면에 얼룩과 색상 편차가 확인되어 외관 품질 클레임이 발생했습니다.
101,2025-05-10,M에너지,에너지,해외/동남아,고장력강,납기,Low,고장력강 납품 일정이 기존 합의 대비 3일 지연되어 생산 계획 재조정이 필요합니다.
102,2025-05-11,B기계,기계,충청권,냉연강판,품질,High,냉연강판에서 부분적인 산화 자국이 발견되어 고객사 검사에서 보류 판정을 받았습니다.
103,2025-05-11,C물류,물류,충청권,아연도금강판(GI),공급부족,High,고급 사양 아연도금강판(GI) 배정 물량이 부족해 신규 프로젝트 양산 일정에 리스크가 있습니다.
104,2025-05-11,A철재,유통,호남권,아연도금강판(GI),인증/문서,Low,아연도금강판(GI) 밀시트의 화학 성분 표기와 당사 발주 규격 간 확인이 필요합니다.
105,2025-05-12,H중공업,조선,수도권,후판,기술지원,Low,후판 사용 공정에 맞춘 용접 조건 가이드와 현장 기술 지원을 요청드립니다.
106,2025-05-15,S전자,전자,호남권,스테인리스강,기타,Medium,스테인리스강 재고 현황과 출하 가능 물량을 실시간으로 확인할 수 있는 채널이 필요합니다.
107,2025-05-15,B기계,기계,해외/유럽,고장력강,가격,Medium,경쟁사 대비 고장력강 가격 차이가 커 장기 계약 조건 재검토가 필요합니다.
108,2025-05-15,R배터리,배터리,해외/동남아,스테인리스강,품질,High,스테인리스강의 코일 내 위치별 경도 편차가 커 가공 불량률이 상승했습니다.
109,2025-05-17,S조선,조선,해외/동남아,열연강판,품질,Low,열연강판 표면에 미세 스크래치와 찍힘이 반복적으로 확인되어 후공정 선별 시간이 증가하고 있습니다.
110,2025-05-17,D건설,건설,해외/동남아,아연도금강판(GI),품질,High,아연도금강판(GI) 표면에 미세 스크래치와 찍힘이 반복적으로 확인되어 후공정 선별 시간이 증가하고 있습니다.
111,2025-05-17,H자동차,자동차,수도권,자동차강판,품질,Low,자동차강판 코일별 인장강도 편차로 성형 조건을 자주 조정해야 합니다.
112,2025-05-18,L가전,가전,강원권,냉연강판,품질,Low,절단 후 냉연강판 가장자리 버가 많아 추가 연마 공정이 필요합니다.
113,2025-05-21,S조선,조선,호남권,고장력강,인증/문서,Medium,고장력강 친환경 인증 자료와 탄소배출 관련 데이터 제공을 요청드립니다.
114,2025-05-21,G패널,건축자재,해외/유럽,아연도금강판(GI),인증/문서,Low,납품된 아연도금강판(GI) 시험성적서 발급이 지연되어 고객사 검사 제출 일정에 영향이 있습니다.
115,2025-05-21,T플랜트,플랜트,충청권,스테인리스강,기술지원,Low,스테인리스강 불량 원인 분석 결과 회신이 늦어 고객사 대응 보고서 작성이 지연되고 있습니다.
116,2025-05-22,S전자,전자,강원권,전기강판,인증/문서,Medium,전기강판 밀시트의 화학 성분 표기와 당사 발주 규격 간 확인이 필요합니다.
117,2025-05-27,K풍력,에너지,강원권,후판,납기,Medium,긴급 발주한 후판 물량의 출하 가능일 안내가 늦어 현장 대응이 어렵습니다.
118,2025-05-27,M에너지,에너지,영남권,후판,기타,Low,후판 재고 현황과 출하 가능 물량을 실시간으로 확인할 수 있는 채널이 필요합니다.
119,2025-06-02,D건설,건설,수도권,후판,품질,High,입고된 후판 일부 코일에서 두께 편차가 커 생산 조건을 재설정해야 했습니다.
120,2025-06-03,A철재,유통,강원권,아연도금강판(GI),기술지원,Low,초도 적용 중인 아연도금강판(GI)의 시험 결과 해석을 위한 전문가 리뷰가 필요합니다.
121,2025-06-04,G패널,건축자재,해외/유럽,아연도금강판(GI),납기,Medium,선적 일정 변경으로 아연도금강판(GI) 수출 물량의 도착일이 불확실해졌습니다.
122,2025-06-05,T플랜트,플랜트,해외/유럽,고장력강,납기,Low,긴급 발주한 고장력강 물량의 출하 가능일 안내가 늦어 현장 대응이 어렵습니다.
123,2025-06-05,D건설,건설,영남권,열연강판,기술지원,Low,열연강판 사용 공정에 맞춘 용접 조건 가이드와 현장 기술 지원을 요청드립니다.
124,2025-06-05,A철재,유통,수도권,냉연강판,품질,Low,냉연강판에서 부분적인 산화 자국이 발견되어 고객사 검사에서 보류 판정을 받았습니다.
125,2025-06-05,N강관,강관,강원권,열연강판,품질,High,도장 후 열연강판 표면에 얼룩과 색상 편차가 확인되어 외관 품질 클레임이 발생했습니다.
126,2025-06-08,H중공업,조선,강원권,후판,품질,High,소재 표면 청정도가 낮아 후판 접착 및 도장 공정에서 불량이 발생했습니다.
127,2025-06-08,M에너지,에너지,해외/유럽,후판,공급부족,Medium,고급 사양 후판 배정 물량이 부족해 신규 프로젝트 양산 일정에 리스크가 있습니다.
128,2025-06-09,B기계,기계,해외/일본,열연강판,인증/문서,Medium,수출용 열연강판 원산지 증명서와 품질 인증서의 발급 일정이 불명확합니다.
129,2025-06-10,K풍력,에너지,수도권,고장력강,품질,High,입고된 고장력강 일부 코일에서 두께 편차가 커 생산 조건을 재설정해야 했습니다.
130,2025-06-11,H중공업,조선,충청권,고장력강,가격,Medium,경쟁사 대비 고장력강 가격 차이가 커 장기 계약 조건 재검토가 필요합니다.
131,2025-06-12,M에너지,에너지,충청권,후판,납기,High,후판 배차 일정이 자주 변경되어 하역 인력과 창고 운영 계획을 맞추기 어렵습니다.
132,2025-06-12,G패널,건축자재,충청권,컬러강판,기술지원,Medium,대체 강종 제안을 받았지만 컬러강판 적용 가능성 검증 데이터가 부족합니다.
133,2025-06-13,S전자,전자,강원권,스테인리스강,납기,Low,스테인리스강 배차 일정이 자주 변경되어 하역 인력과 창고 운영 계획을 맞추기 어렵습니다.
134,2025-06-14,S전자,전자,영남권,전기강판,납기,Medium,주문 확정 후 전기강판 리드타임이 예상보다 길어 고객사 납품 약속을 지키기 어렵습니다.
135,2025-06-16,D모터스,자동차,수도권,자동차강판,공급부족,Medium,수출 물량 증가 영향으로 내수용 자동차강판 확보가 어려워졌습니다.
136,2025-06-19,M에너지,에너지,해외/동남아,전기강판,품질,High,전기강판 적층 후 일부 구간에서 소음과 진동이 증가해 원인 분석이 필요합니다.
137,2025-06-20,K모빌리티,자동차,호남권,냉연강판,품질,High,입고된 냉연강판 일부 코일에서 두께 편차가 커 생산 조건을 재설정해야 했습니다.
138,2025-06-20,K모빌리티,자동차,충청권,냉연강판,포장/물류,Low,운송 중 냉연강판 코일 외경부 포장재가 찢어져 표면 오염이 발생했습니다.
139,2025-06-21,S전자,전자,충청권,스테인리스강,가격,Medium,원자재 가격 변동분 반영 기준이 명확하지 않아 스테인리스강 견적 검토가 어렵습니다.
140,2025-06-25,K풍력,에너지,해외/유럽,후판,포장/물류,Low,운송 중 후판 코일 외경부 포장재가 찢어져 표면 오염이 발생했습니다.
141,2025-06-29,T플랜트,플랜트,수도권,후판,납기,Low,후판 납품 일정이 기존 합의 대비 10일 지연되어 생산 계획 재조정이 필요합니다.
142,2025-06-30,M에너지,에너지,해외/일본,전기강판,품질,Medium,전기강판의 코일 내 위치별 경도 편차가 커 가공 불량률이 상승했습니다.
143,2025-07-01,R배터리,배터리,해외/동남아,냉연강판,기술지원,Medium,대체 강종 제안을 받았지만 냉연강판 적용 가능성 검증 데이터가 부족합니다.
144,2025-07-10,N강관,강관,충청권,열연강판,품질,Medium,절단 후 열연강판 가장자리 버가 많아 추가 연마 공정이 필요합니다.
145,2025-07-10,M에너지,에너지,충청권,전기강판,공급부족,High,수출 물량 증가 영향으로 내수용 전기강판 확보가 어려워졌습니다.
146,2025-07-10,P건설,건설,호남권,아연도금강판(GI),품질,Medium,입고된 아연도금강판(GI) 일부 코일에서 두께 편차가 커 생산 조건을 재설정해야 했습니다.
147,2025-07-12,K풍력,에너지,호남권,전기강판,공급부족,High,전방 산업 수요 증가로 전기강판 배정 우선순위가 낮아질까 우려됩니다.
148,2025-07-15,P건설,건설,해외/일본,아연도금강판(GI),품질,High,입고된 아연도금강판(GI) 일부 코일에서 두께 편차가 커 생산 조건을 재설정해야 했습니다.
149,2025-07-15,S전자,전자,해외/일본,전기강판,납기,High,월말 입고 예정인 전기강판가 분할 납품으로 변경되어 라인 운영에 차질이 있습니다.
150,2025-07-15,H중공업,조선,강원권,후판,공급부족,Medium,최근 후판 수급이 불안정하여 안전재고를 확보하지 못하고 있습니다.
151,2025-07-15,H중공업,조선,해외/유럽,후판,가격,Medium,분기별 가격 조정 방식이 불투명해 후판 연간 구매 예산 수립이 어렵습니다.
152,2025-07-16,R배터리,배터리,해외/동남아,냉연강판,기술지원,Low,초도 적용 중인 냉연강판의 시험 결과 해석을 위한 전문가 리뷰가 필요합니다.
153,2025-07-16,K조선해양,조선,해외/동남아,후판,공급부족,High,전방 산업 수요 증가로 후판 배정 우선순위가 낮아질까 우려됩니다.
154,2025-07-17,M에너지,에너지,강원권,고장력강,품질,Medium,도장 후 고장력강 표면에 얼룩과 색상 편차가 확인되어 외관 품질 클레임이 발생했습니다.
155,2025-07-18,M에너지,에너지,강원권,스테인리스강,포장/물류,Medium,스테인리스강 포장 단위가 당사 자동창고 규격과 맞지 않아 재포장 작업이 필요합니다.
156,2025-07-23,P건설,건설,강원권,아연도금강판(GI),납기,Medium,긴급 발주한 아연도금강판(GI) 물량의 출하 가능일 안내가 늦어 현장 대응이 어렵습니다.
157,2025-07-23,S조선,조선,강원권,고장력강,인증/문서,Low,고장력강 친환경 인증 자료와 탄소배출 관련 데이터 제공을 요청드립니다.
158,2025-07-24,G패널,건축자재,수도권,스테인리스강,가격,Medium,스테인리스강 단가 인상 폭이 커 당사 수주 프로젝트의 원가 경쟁력이 약화되고 있습니다.
159,2025-07-25,R배터리,배터리,수도권,스테인리스강,공급부족,High,최근 스테인리스강 수급이 불안정하여 안전재고를 확보하지 못하고 있습니다.
160,2025-07-26,T플랜트,플랜트,영남권,고장력강,가격,Medium,고장력강 단가 인상 폭이 커 당사 수주 프로젝트의 원가 경쟁력이 약화되고 있습니다.
161,2025-07-27,S조선,조선,해외/유럽,열연강판,가격,Low,경쟁사 대비 열연강판 가격 차이가 커 장기 계약 조건 재검토가 필요합니다.
162,2025-07-28,H자동차,자동차,강원권,자동차강판,납기,Medium,선적 일정 변경으로 자동차강판 수출 물량의 도착일이 불확실해졌습니다.
163,2025-07-28,S조선,조선,강원권,열연강판,가격,Medium,분기별 가격 조정 방식이 불투명해 열연강판 연간 구매 예산 수립이 어렵습니다.
164,2025-07-29,H중공업,조선,호남권,후판,인증/문서,Medium,수출용 후판 원산지 증명서와 품질 인증서의 발급 일정이 불명확합니다.
165,2025-07-30,N강관,강관,영남권,후판,포장/물류,Medium,후판 포장 단위가 당사 자동창고 규격과 맞지 않아 재포장 작업이 필요합니다.
166,2025-08-01,N강관,강관,해외/일본,열연강판,인증/문서,Low,열연강판 밀시트의 화학 성분 표기와 당사 발주 규격 간 확인이 필요합니다.
167,2025-08-01,S전자,전자,수도권,전기강판,포장/물류,Medium,코일 식별 라벨이 훼손되어 전기강판 로트 추적에 시간이 많이 소요되었습니다.
168,2025-08-01,K모빌리티,자동차,영남권,자동차강판,품질,High,자동차강판 코일별 인장강도 편차로 성형 조건을 자주 조정해야 합니다.
169,2025-08-02,H중공업,조선,호남권,열연강판,납기,Medium,열연강판 배차 일정이 자주 변경되어 하역 인력과 창고 운영 계획을 맞추기 어렵습니다.
170,2025-08-02,H중공업,조선,영남권,후판,납기,Medium,긴급 발주한 후판 물량의 출하 가능일 안내가 늦어 현장 대응이 어렵습니다.
171,2025-08-02,D모터스,자동차,영남권,자동차강판,품질,Medium,자동차강판 코일별 인장강도 편차로 성형 조건을 자주 조정해야 합니다.
172,2025-08-05,B기계,기계,수도권,냉연강판,품질,High,동일 규격 냉연강판 간 강도 편차가 커 용접 조건 표준화가 어렵습니다.
173,2025-08-06,S조선,조선,강원권,열연강판,가격,Low,열연강판 단가 인상 폭이 커 당사 수주 프로젝트의 원가 경쟁력이 약화되고 있습니다.
174,2025-08-08,S전자,전자,해외/유럽,냉연강판,기술지원,Low,냉연강판 불량 원인 분석 결과 회신이 늦어 고객사 대응 보고서 작성이 지연되고 있습니다.
175,2025-08-10,K모빌리티,자동차,해외/동남아,아연도금강판(GI),가격,Medium,원자재 가격 변동분 반영 기준이 명확하지 않아 아연도금강판(GI) 견적 검토가 어렵습니다.
176,2025-08-10,M에너지,에너지,호남권,후판,품질,Medium,후판 절단면 품질 편차로 블록 제작 공정의 가공 시간이 증가했습니다.
177,2025-08-12,B기계,기계,수도권,열연강판,가격,Low,경쟁사 대비 열연강판 가격 차이가 커 장기 계약 조건 재검토가 필요합니다.
178,2025-08-15,S조선,조선,해외/일본,고장력강,품질,Medium,고장력강 표면에 미세 스크래치와 찍힘이 반복적으로 확인되어 후공정 선별 시간이 증가하고 있습니다.
179,2025-08-16,L가전,가전,수도권,스테인리스강,납기,High,주문 확정 후 스테인리스강 리드타임이 예상보다 길어 고객사 납품 약속을 지키기 어렵습니다.
180,2025-08-16,S전자,전자,해외/유럽,스테인리스강,품질,Medium,스테인리스강의 평탄도 편차가 커 자동 적재 설비에서 잼이 발생하고 있습니다.
181,2025-08-17,D모터스,자동차,수도권,전기강판,품질,High,전기강판 코일 간 철손 특성 편차가 커 모터 효율 시험 결과가 일정하지 않습니다.
182,2025-08-18,P건설,건설,영남권,컬러강판,품질,Low,컬러강판 표면에 미세 스크래치와 찍힘이 반복적으로 확인되어 후공정 선별 시간이 증가하고 있습니다.
183,2025-08-19,S조선,조선,충청권,고장력강,품질,Medium,절단 후 고장력강 가장자리 버가 많아 추가 연마 공정이 필요합니다.
184,2025-08-20,D건설,건설,충청권,컬러강판,품질,Medium,도장 후 컬러강판 표면에 얼룩과 색상 편차가 확인되어 외관 품질 클레임이 발생했습니다.
185,2025-08-21,A철재,유통,해외/일본,열연강판,가격,Medium,열연강판 단가 인상 폭이 커 당사 수주 프로젝트의 원가 경쟁력이 약화되고 있습니다.
186,2025-08-22,A철재,유통,해외/일본,냉연강판,가격,Medium,경쟁사 대비 냉연강판 가격 차이가 커 장기 계약 조건 재검토가 필요합니다.
187,2025-08-24,P건설,건설,영남권,열연강판,가격,Medium,경쟁사 대비 열연강판 가격 차이가 커 장기 계약 조건 재검토가 필요합니다.
188,2025-08-26,K조선해양,조선,호남권,고장력강,납기,Medium,고장력강 배차 일정이 자주 변경되어 하역 인력과 창고 운영 계획을 맞추기 어렵습니다.
189,2025-08-27,D건설,건설,해외/일본,열연강판,기술지원,Medium,초도 적용 중인 열연강판의 시험 결과 해석을 위한 전문가 리뷰가 필요합니다.
190,2025-08-27,D모터스,자동차,해외/동남아,아연도금강판(GI),기술지원,Medium,초도 적용 중인 아연도금강판(GI)의 시험 결과 해석을 위한 전문가 리뷰가 필요합니다.
191,2025-08-27,D건설,건설,해외/동남아,열연강판,품질,Medium,열연강판의 코일 내 위치별 경도 편차가 커 가공 불량률이 상승했습니다.
192,2025-08-29,S전자,전자,호남권,스테인리스강,가격,Medium,스테인리스강 단가 인상 폭이 커 당사 수주 프로젝트의 원가 경쟁력이 약화되고 있습니다.
193,2025-08-31,N강관,강관,해외/일본,후판,품질,High,후판 표면에 미세 스크래치와 찍힘이 반복적으로 확인되어 후공정 선별 시간이 증가하고 있습니다.
194,2025-09-01,T플랜트,플랜트,영남권,후판,가격,Low,소량 주문 시 후판 할증률이 높아 시험 생산 물량 확보가 부담됩니다.
195,2025-09-04,K조선해양,조선,충청권,고장력강,기술지원,Low,고장력강 불량 원인 분석 결과 회신이 늦어 고객사 대응 보고서 작성이 지연되고 있습니다.
196,2025-09-08,T플랜트,플랜트,강원권,고장력강,인증/문서,Low,납품된 고장력강 시험성적서 발급이 지연되어 고객사 검사 제출 일정에 영향이 있습니다.
197,2025-09-08,H자동차,자동차,강원권,전기강판,가격,Medium,원자재 가격 변동분 반영 기준이 명확하지 않아 전기강판 견적 검토가 어렵습니다.
198,2025-09-09,K풍력,에너지,수도권,고장력강,품질,Low,고장력강 성형 과정에서 균열 발생률이 최근 3개 로트 연속 증가했습니다.
199,2025-09-10,K조선해양,조선,해외/일본,고장력강,공급부족,Medium,고급 사양 고장력강 배정 물량이 부족해 신규 프로젝트 양산 일정에 리스크가 있습니다.
200,2025-09-11,B기계,기계,해외/유럽,고장력강,인증/문서,Low,납품된 고장력강 시험성적서 발급이 지연되어 고객사 검사 제출 일정에 영향이 있습니다.
201,2025-09-13,B기계,기계,강원권,냉연강판,가격,Medium,소량 주문 시 냉연강판 할증률이 높아 시험 생산 물량 확보가 부담됩니다.
202,2025-09-14,K조선해양,조선,수도권,열연강판,포장/물류,Medium,코일 식별 라벨이 훼손되어 열연강판 로트 추적에 시간이 많이 소요되었습니다.
203,2025-09-15,K조선해양,조선,충청권,열연강판,품질,Medium,열연강판 성형 과정에서 균열 발생률이 최근 3개 로트 연속 증가했습니다.
204,2025-09-15,K풍력,에너지,수도권,고장력강,납기,Low,고장력강 납품 일정이 기존 합의 대비 3일 지연되어 생산 계획 재조정이 필요합니다.
205,2025-09-15,H중공업,조선,수도권,열연강판,납기,Low,주문 확정 후 열연강판 리드타임이 예상보다 길어 고객사 납품 약속을 지키기 어렵습니다.
206,2025-09-17,E모터,전장,충청권,자동차강판,납기,Low,주문 확정 후 자동차강판 리드타임이 예상보다 길어 고객사 납품 약속을 지키기 어렵습니다.
207,2025-09-17,G패널,건축자재,강원권,아연도금강판(GI),품질,Medium,아연도금강판(GI)에서 부분적인 산화 자국이 발견되어 고객사 검사에서 보류 판정을 받았습니다.
208,2025-09-18,M에너지,에너지,강원권,전기강판,품질,Medium,전기강판의 자성 특성 편차로 고효율 모터 양산 승인 일정이 지연되고 있습니다.
209,2025-09-18,D모터스,자동차,강원권,아연도금강판(GI),공급부족,High,특정 규격 아연도금강판(GI) 공급 가능 물량이 제한되어 대체 강종 검토가 필요합니다.
210,2025-09-23,L가전,가전,호남권,아연도금강판(GI),인증/문서,Medium,납품된 아연도금강판(GI) 시험성적서 발급이 지연되어 고객사 검사 제출 일정에 영향이 있습니다.
211,2025-09-23,D모터스,자동차,영남권,전기강판,기술지원,Low,대체 강종 제안을 받았지만 전기강판 적용 가능성 검증 데이터가 부족합니다.
212,2025-09-24,K조선해양,조선,강원권,열연강판,납기,Medium,월말 입고 예정인 열연강판가 분할 납품으로 변경되어 라인 운영에 차질이 있습니다.
213,2025-09-26,D건설,건설,해외/일본,컬러강판,공급부족,Medium,수출 물량 증가 영향으로 내수용 컬러강판 확보가 어려워졌습니다.
214,2025-09-27,T플랜트,플랜트,강원권,후판,품질,High,후판 절단면 품질 편차로 블록 제작 공정의 가공 시간이 증가했습니다.
215,2025-09-28,T플랜트,플랜트,수도권,후판,납기,Low,선적 일정 변경으로 후판 수출 물량의 도착일이 불확실해졌습니다.
216,2025-09-29,C물류,물류,호남권,열연강판,품질,Medium,소재 표면 청정도가 낮아 열연강판 접착 및 도장 공정에서 불량이 발생했습니다.
217,2025-09-29,D건설,건설,충청권,열연강판,포장/물류,Medium,코일 식별 라벨이 훼손되어 열연강판 로트 추적에 시간이 많이 소요되었습니다.
218,2025-09-30,R배터리,배터리,해외/일본,냉연강판,기술지원,Low,대체 강종 제안을 받았지만 냉연강판 적용 가능성 검증 데이터가 부족합니다.
219,2025-09-30,G패널,건축자재,호남권,아연도금강판(GI),공급부족,Medium,최근 아연도금강판(GI) 수급이 불안정하여 안전재고를 확보하지 못하고 있습니다.
220,2025-09-30,H자동차,자동차,수도권,전기강판,품질,High,전기강판의 평탄도 편차가 커 자동 적재 설비에서 잼이 발생하고 있습니다.
221,2025-10-03,S조선,조선,해외/동남아,후판,납기,Medium,후판 배차 일정이 자주 변경되어 하역 인력과 창고 운영 계획을 맞추기 어렵습니다.
222,2025-10-03,C물류,물류,해외/동남아,열연강판,기술지원,Low,신규 열연강판 적용을 위한 성형 조건과 열처리 조건 자료 제공이 필요합니다.
223,2025-10-07,D건설,건설,해외/동남아,아연도금강판(GI),품질,Medium,절단 후 아연도금강판(GI) 가장자리 버가 많아 추가 연마 공정이 필요합니다.
224,2025-10-07,D모터스,자동차,수도권,아연도금강판(GI),품질,Low,아연도금강판(GI)의 코일 내 위치별 경도 편차가 커 가공 불량률이 상승했습니다.
225,2025-10-08,K조선해양,조선,강원권,열연강판,인증/문서,Low,열연강판 친환경 인증 자료와 탄소배출 관련 데이터 제공을 요청드립니다.
226,2025-10-09,B기계,기계,해외/유럽,고장력강,포장/물류,Medium,우천 운송 후 고장력강 방청 포장 내부에 습기가 유입된 것으로 보입니다.
227,2025-10-13,S조선,조선,해외/일본,고장력강,가격,Medium,고장력강 단가 인상 폭이 커 당사 수주 프로젝트의 원가 경쟁력이 약화되고 있습니다.
228,2025-10-13,R배터리,배터리,해외/일본,아연도금강판(GI),품질,Medium,아연도금강판(GI)에서 부분적인 산화 자국이 발견되어 고객사 검사에서 보류 판정을 받았습니다.
229,2025-10-14,C물류,물류,강원권,아연도금강판(GI),납기,Medium,월말 입고 예정인 아연도금강판(GI)가 분할 납품으로 변경되어 라인 운영에 차질이 있습니다.
230,2025-10-15,P건설,건설,호남권,후판,품질,Medium,동일 규격 후판 간 강도 편차가 커 용접 조건 표준화가 어렵습니다.
231,2025-10-15,T플랜트,플랜트,강원권,스테인리스강,기타,Medium,스테인리스강 클레임 접수 후 진행 상태 공유가 부족해 고객사 문의 대응이 어렵습니다.
232,2025-10-16,K조선해양,조선,강원권,열연강판,포장/물류,Medium,운송 중 열연강판 코일 외경부 포장재가 찢어져 표면 오염이 발생했습니다.
233,2025-10-17,A철재,유통,수도권,스테인리스강,포장/물류,Low,코일 식별 라벨이 훼손되어 스테인리스강 로트 추적에 시간이 많이 소요되었습니다.
234,2025-10-18,R배터리,배터리,해외/일본,아연도금강판(GI),기술지원,Low,초도 적용 중인 아연도금강판(GI)의 시험 결과 해석을 위한 전문가 리뷰가 필요합니다.
235,2025-10-19,S전자,전자,해외/일본,전기강판,품질,Medium,소재 표면 청정도가 낮아 전기강판 접착 및 도장 공정에서 불량이 발생했습니다.
236,2025-10-21,C물류,물류,호남권,아연도금강판(GI),인증/문서,Medium,아연도금강판(GI) 규격 변경 이력 문서가 부족해 내부 승인 절차가 지연되고 있습니다.
237,2025-10-22,G패널,건축자재,수도권,아연도금강판(GI),품질,Medium,도장 후 아연도금강판(GI) 표면에 얼룩과 색상 편차가 확인되어 외관 품질 클레임이 발생했습니다.
238,2025-10-22,D모터스,자동차,해외/동남아,아연도금강판(GI),기타,Low,아연도금강판(GI) 클레임 접수 후 진행 상태 공유가 부족해 고객사 문의 대응이 어렵습니다.
239,2025-10-23,D건설,건설,강원권,컬러강판,기타,Low,컬러강판 재고 현황과 출하 가능 물량을 실시간으로 확인할 수 있는 채널이 필요합니다.
240,2025-10-24,A철재,유통,해외/일본,후판,납기,Medium,주문 확정 후 후판 리드타임이 예상보다 길어 고객사 납품 약속을 지키기 어렵습니다.
241,2025-10-27,N강관,강관,수도권,후판,납기,Medium,월말 입고 예정인 후판가 분할 납품으로 변경되어 라인 운영에 차질이 있습니다.
242,2025-10-27,R배터리,배터리,해외/동남아,아연도금강판(GI),납기,High,아연도금강판(GI) 배차 일정이 자주 변경되어 하역 인력과 창고 운영 계획을 맞추기 어렵습니다.
243,2025-10-28,L가전,가전,해외/동남아,컬러강판,납기,Medium,컬러강판 배차 일정이 자주 변경되어 하역 인력과 창고 운영 계획을 맞추기 어렵습니다.
244,2025-10-29,B기계,기계,충청권,냉연강판,인증/문서,Low,납품된 냉연강판 시험성적서 발급이 지연되어 고객사 검사 제출 일정에 영향이 있습니다.
245,2025-10-30,T플랜트,플랜트,충청권,후판,납기,Low,후판 배차 일정이 자주 변경되어 하역 인력과 창고 운영 계획을 맞추기 어렵습니다.
246,2025-11-01,G패널,건축자재,호남권,아연도금강판(GI),기술지원,Low,대체 강종 제안을 받았지만 아연도금강판(GI) 적용 가능성 검증 데이터가 부족합니다.
247,2025-11-02,A철재,유통,호남권,열연강판,납기,High,열연강판 납품 일정이 기존 합의 대비 21일 지연되어 생산 계획 재조정이 필요합니다.
248,2025-11-02,S전자,전자,수도권,전기강판,품질,Low,전기강판 적층 후 일부 구간에서 소음과 진동이 증가해 원인 분석이 필요합니다.
249,2025-11-03,P건설,건설,영남권,후판,가격,Medium,후판 단가 인상 폭이 커 당사 수주 프로젝트의 원가 경쟁력이 약화되고 있습니다.
250,2025-11-04,G패널,건축자재,영남권,컬러강판,공급부족,High,수출 물량 증가 영향으로 내수용 컬러강판 확보가 어려워졌습니다.
251,2025-11-06,D모터스,자동차,충청권,전기강판,품질,Medium,전기강판 코일 간 철손 특성 편차가 커 모터 효율 시험 결과가 일정하지 않습니다.
252,2025-11-07,R배터리,배터리,영남권,아연도금강판(GI),납기,Medium,아연도금강판(GI) 배차 일정이 자주 변경되어 하역 인력과 창고 운영 계획을 맞추기 어렵습니다.
253,2025-11-07,R배터리,배터리,수도권,스테인리스강,품질,Low,절단 후 스테인리스강 가장자리 버가 많아 추가 연마 공정이 필요합니다.
254,2025-11-08,D건설,건설,호남권,열연강판,기타,Low,정기적으로 열연강판 시장 동향과 수급 전망 자료를 제공받고 싶습니다.
255,2025-11-09,P건설,건설,충청권,후판,인증/문서,Low,후판 규격 변경 이력 문서가 부족해 내부 승인 절차가 지연되고 있습니다.
256,2025-11-10,H자동차,자동차,해외/동남아,자동차강판,납기,Low,자동차강판 납품 일정이 기존 합의 대비 10일 지연되어 생산 계획 재조정이 필요합니다.
257,2025-11-10,K조선해양,조선,해외/유럽,후판,품질,High,동일 규격 후판 간 강도 편차가 커 용접 조건 표준화가 어렵습니다.
258,2025-11-12,H중공업,조선,해외/동남아,열연강판,공급부족,High,특정 규격 열연강판 공급 가능 물량이 제한되어 대체 강종 검토가 필요합니다.
259,2025-11-12,G패널,건축자재,영남권,아연도금강판(GI),품질,Medium,아연도금강판(GI)의 코일 내 위치별 경도 편차가 커 가공 불량률이 상승했습니다.
260,2025-11-12,S조선,조선,영남권,고장력강,납기,Medium,긴급 발주한 고장력강 물량의 출하 가능일 안내가 늦어 현장 대응이 어렵습니다.
261,2025-11-13,H중공업,조선,수도권,고장력강,기술지원,Low,신규 고장력강 적용을 위한 성형 조건과 열처리 조건 자료 제공이 필요합니다.
262,2025-11-13,E모터,전장,해외/일본,냉연강판,품질,Medium,냉연강판의 평탄도 편차가 커 자동 적재 설비에서 잼이 발생하고 있습니다.
263,2025-11-14,P건설,건설,해외/유럽,컬러강판,가격,Medium,분기별 가격 조정 방식이 불투명해 컬러강판 연간 구매 예산 수립이 어렵습니다.
264,2025-11-15,S조선,조선,해외/일본,고장력강,납기,High,고장력강 납품 일정이 기존 합의 대비 10일 지연되어 생산 계획 재조정이 필요합니다.
265,2025-11-15,D건설,건설,영남권,아연도금강판(GI),납기,Medium,월말 입고 예정인 아연도금강판(GI)가 분할 납품으로 변경되어 라인 운영에 차질이 있습니다.
266,2025-11-16,M에너지,에너지,강원권,후판,품질,Medium,후판 용접부 인근 평탄도 불량으로 조립 공정에서 재작업이 발생했습니다.
267,2025-11-18,L가전,가전,해외/유럽,컬러강판,납기,Low,긴급 발주한 컬러강판 물량의 출하 가능일 안내가 늦어 현장 대응이 어렵습니다.
268,2025-11-18,E모터,전장,영남권,전기강판,품질,High,도장 후 전기강판 표면에 얼룩과 색상 편차가 확인되어 외관 품질 클레임이 발생했습니다.
269,2025-11-21,B기계,기계,수도권,열연강판,기술지원,Low,대체 강종 제안을 받았지만 열연강판 적용 가능성 검증 데이터가 부족합니다.
270,2025-11-21,S조선,조선,호남권,열연강판,인증/문서,Medium,열연강판 규격 변경 이력 문서가 부족해 내부 승인 절차가 지연되고 있습니다.
271,2025-11-26,P건설,건설,충청권,후판,납기,High,후판 배차 일정이 자주 변경되어 하역 인력과 창고 운영 계획을 맞추기 어렵습니다.
272,2025-11-26,M에너지,에너지,영남권,전기강판,포장/물류,Low,우천 운송 후 전기강판 방청 포장 내부에 습기가 유입된 것으로 보입니다.
273,2025-11-27,R배터리,배터리,해외/유럽,아연도금강판(GI),품질,High,동일 규격 아연도금강판(GI) 간 강도 편차가 커 용접 조건 표준화가 어렵습니다.
274,2025-11-28,A철재,유통,충청권,냉연강판,가격,Medium,원자재 가격 변동분 반영 기준이 명확하지 않아 냉연강판 견적 검토가 어렵습니다.
275,2025-11-30,E모터,전장,호남권,전기강판,기타,Medium,정기적으로 전기강판 시장 동향과 수급 전망 자료를 제공받고 싶습니다.
276,2025-11-30,P건설,건설,해외/유럽,아연도금강판(GI),공급부족,Medium,특정 규격 아연도금강판(GI) 공급 가능 물량이 제한되어 대체 강종 검토가 필요합니다.
277,2025-12-03,R배터리,배터리,해외/유럽,아연도금강판(GI),가격,Medium,소량 주문 시 아연도금강판(GI) 할증률이 높아 시험 생산 물량 확보가 부담됩니다.
278,2025-12-03,B기계,기계,해외/유럽,열연강판,품질,Medium,열연강판 성형 과정에서 균열 발생률이 최근 3개 로트 연속 증가했습니다.
279,2025-12-03,D모터스,자동차,충청권,냉연강판,가격,Medium,소량 주문 시 냉연강판 할증률이 높아 시험 생산 물량 확보가 부담됩니다.
280,2025-12-06,G패널,건축자재,수도권,아연도금강판(GI),품질,High,아연도금강판(GI) 표면에 미세 스크래치와 찍힘이 반복적으로 확인되어 후공정 선별 시간이 증가하고 있습니다.
281,2025-12-07,A철재,유통,강원권,열연강판,인증/문서,Low,열연강판 밀시트의 화학 성분 표기와 당사 발주 규격 간 확인이 필요합니다.
282,2025-12-07,P건설,건설,수도권,열연강판,기술지원,Medium,열연강판 불량 원인 분석 결과 회신이 늦어 고객사 대응 보고서 작성이 지연되고 있습니다.
283,2025-12-07,H중공업,조선,해외/동남아,고장력강,납기,Medium,고장력강 배차 일정이 자주 변경되어 하역 인력과 창고 운영 계획을 맞추기 어렵습니다.
284,2025-12-11,G패널,건축자재,해외/동남아,아연도금강판(GI),가격,Medium,분기별 가격 조정 방식이 불투명해 아연도금강판(GI) 연간 구매 예산 수립이 어렵습니다.
285,2025-12-12,E모터,전장,호남권,냉연강판,품질,High,냉연강판의 평탄도 편차가 커 자동 적재 설비에서 잼이 발생하고 있습니다.
286,2025-12-14,B기계,기계,강원권,열연강판,공급부족,High,최근 열연강판 수급이 불안정하여 안전재고를 확보하지 못하고 있습니다.
287,2025-12-15,S전자,전자,해외/일본,냉연강판,공급부족,High,수출 물량 증가 영향으로 내수용 냉연강판 확보가 어려워졌습니다.
288,2025-12-15,N강관,강관,영남권,후판,포장/물류,Low,후판 팔레트 고정 상태가 미흡해 하역 중 흔들림이 확인되었습니다.
289,2025-12-17,K조선해양,조선,해외/일본,고장력강,기술지원,Medium,대체 강종 제안을 받았지만 고장력강 적용 가능성 검증 데이터가 부족합니다.
290,2025-12-19,T플랜트,플랜트,해외/동남아,후판,포장/물류,Low,후판 팔레트 고정 상태가 미흡해 하역 중 흔들림이 확인되었습니다.
291,2025-12-19,N강관,강관,강원권,후판,품질,Low,후판 표면에 미세 스크래치와 찍힘이 반복적으로 확인되어 후공정 선별 시간이 증가하고 있습니다.
292,2025-12-21,T플랜트,플랜트,해외/유럽,스테인리스강,인증/문서,Medium,수출용 스테인리스강 원산지 증명서와 품질 인증서의 발급 일정이 불명확합니다.
293,2025-12-24,S조선,조선,수도권,열연강판,납기,Medium,주문 확정 후 열연강판 리드타임이 예상보다 길어 고객사 납품 약속을 지키기 어렵습니다.
294,2025-12-25,R배터리,배터리,강원권,냉연강판,품질,High,동일 규격 냉연강판 간 강도 편차가 커 용접 조건 표준화가 어렵습니다.
295,2025-12-26,D모터스,자동차,해외/일본,아연도금강판(GI),납기,Medium,선적 일정 변경으로 아연도금강판(GI) 수출 물량의 도착일이 불확실해졌습니다.
296,2025-12-27,K풍력,에너지,충청권,전기강판,납기,Medium,선적 일정 변경으로 전기강판 수출 물량의 도착일이 불확실해졌습니다.
297,2025-12-27,K모빌리티,자동차,호남권,냉연강판,납기,Medium,냉연강판 배차 일정이 자주 변경되어 하역 인력과 창고 운영 계획을 맞추기 어렵습니다.
298,2025-12-27,L가전,가전,해외/일본,냉연강판,품질,Medium,냉연강판의 평탄도 편차가 커 자동 적재 설비에서 잼이 발생하고 있습니다.
299,2025-12-27,H중공업,조선,호남권,열연강판,가격,Medium,분기별 가격 조정 방식이 불투명해 열연강판 연간 구매 예산 수립이 어렵습니다.
300,2025-12-28,E모터,전장,호남권,냉연강판,기타,Medium,냉연강판 주문 변경 요청에 대한 영업 담당자 회신 속도가 느려 의사결정이 지연됩니다.
